{"Date":{"0":"20-Jan","1":"21-Jan","2":"22-Jan","3":"23-Jan","4":"24-Jan","5":"20-Jan","6":"21-Jan","7":"22-Jan","8":"23-Jan","9":"24-Jan","10":"20-Jan","11":"21-Jan","12":"22-Jan","13":"23-Jan","14":"24-Jan","15":"20-Jan","16":"21-Jan","17":"22-Jan","18":"23-Jan","19":"24-Jan"},"Plan_Load":{"0":"L1","1":"L1","2":"L1","3":"L1","4":"L1","5":"L1","6":"L1","7":"L1","8":"L1","9":"L1","10":"L1","11":"L1","12":"L1","13":"L1","14":"L1","15":"L1","16":"L1","17":"L1","18":"L1","19":"L1"},"Plan_Lane":{"0":"AB","1":"AB","2":"AB","3":"AB","4":"AB","5":"AB","6":"AB","7":"AB","8":"AB","9":"AB","10":"AB","11":"AB","12":"AB","13":"AB","14":"AB","15":"AB","16":"AB","17":"AB","18":"AB","19":"AB"},"Plan_Carrier":{"0":"C1","1":"C1","2":"C1","3":"C1","4":"C1","5":"C2","6":"C2","7":"C2","8":"C2","9":"C2","10":"C3","11":"C3","12":"C3","13":"C3","14":"C3","15":"C4","16":"C4","17":"C4","18":"C4","19":"C4"},"Plan_ETA":{"0":"8:00 AM","1":"8:00 AM","2":"8:00 AM","3":"8:00 AM","4":"8:00 AM","5":"8:00 AM","6":"8:00 AM","7":"8:00 AM","8":"8:00 AM","9":"8:00 AM","10":"8:00 AM","11":"8:00 AM","12":"8:00 AM","13":"8:00 AM","14":"8:00 AM","15":"8:00 AM","16":"8:00 AM","17":"8:00 AM","18":"8:00 AM","19":"8:00 AM"},"Exec_Load":{"0":"L1","1":"L1","2":"L1","3":"L1","4":"L1","5":"L1","6":"L1","7":"L1","8":"L1","9":"L1","10":"L1","11":"L1","12":"L1","13":"L1","14":"L1","15":"L1","16":"L1","17":"L1","18":"L1","19":"L1"},"Exec_Lane":{"0":"AB","1":"AB","2":"AB","3":"AB","4":"AB","5":"AB","6":"AB","7":"AB","8":"AB","9":"AB","10":"AB","11":"AB","12":"AB","13":"AB","14":"AB","15":"AB","16":"AB","17":"AB","18":"AB","19":"AB"},"Exec_Carrier":{"0":"C1","1":"C1","2":"C1","3":"C1","4":"C1","5":"C2","6":"C2","7":"C2","8":"C2","9":"C2","10":"C3","11":"C3","12":"C3","13":"C3","14":"C3","15":"C4","16":"C4","17":"C4","18":"C4","19":"C4"},"Exec_ETA":{"0":"9:00 AM","1":"10:00 AM","2":"9:30 AM","3":"8:00 AM","4":"8:00 AM","5":"8:00 AM","6":"8:05 AM","7":"8:15 AM","8":"8:15 AM","9":"8:00 AM","10":"11:00 PM","11":"8:00 AM","12":"8:00 AM","13":"8:00 AM","14":"8:00 AM","15":"8:01 AM","16":"8:05 AM","17":"8:15 AM","18":"8:15 AM","19":"8:00 AM"}}