{"Date":{"0":"20-Jan","1":"21-Jan","2":"22-Jan","3":"23-Jan","4":"24-Jan","5":"20-Jan","6":"21-Jan","7":"22-Jan","8":"23-Jan","9":"24-Jan","10":"20-Jan","11":"21-Jan","12":"22-Jan","13":"23-Jan","14":"24-Jan","15":"20-Jan","16":"21-Jan","17":"22-Jan","18":"23-Jan","19":"24-Jan"},"Plan_Load":{"0":"L1","1":"L1","2":"L1","3":"L1","4":"L1","5":"L2","6":"L2","7":"L2","8":"L2","9":"L2","10":"L3","11":"L3","12":"L3","13":"L3","14":"L3","15":"L4","16":"L4","17":"L4","18":"L4","19":"L4"},"Plan_Lane":{"0":"AB","1":"AB","2":"AB","3":"AB","4":"AB","5":"AB","6":"AB","7":"AB","8":"AB","9":"AB","10":"AB","11":"AB","12":"AB","13":"AB","14":"AB","15":"AB","16":"AB","17":"AB","18":"AB","19":"AB"},"Plan_Carrier":{"0":"C1","1":"C1","2":"C1","3":"C1","4":"C1","5":"C2","6":"C2","7":"C2","8":"C2","9":"C2","10":"C3","11":"C3","12":"C3","13":"C3","14":"C3","15":"C4","16":"C4","17":"C4","18":"C4","19":"C4"},"Plan_FALLOUT":{"0":2,"1":2,"2":2,"3":2,"4":2,"5":2,"6":2,"7":2,"8":2,"9":2,"10":2,"11":2,"12":2,"13":2,"14":2,"15":2,"16":2,"17":2,"18":2,"19":2},"Exec_Load":{"0":"L1","1":"L1","2":"L1","3":"L1","4":"L1","5":"L2","6":"L2","7":"L2","8":"L2","9":"L2","10":"L3","11":"L3","12":"L3","13":"L3","14":"L3","15":"L4","16":"L4","17":"L4","18":"L4","19":"L4"},"Exec_Lane":{"0":"AB","1":"AB","2":"AB","3":"AB","4":"AB","5":"AB","6":"AB","7":"AB","8":"AB","9":"AB","10":"AB","11":"AB","12":"AB","13":"AB","14":"AB","15":"AB","16":"AB","17":"AB","18":"AB","19":"AB"},"Exec_Carrier":{"0":"C1","1":"C1","2":"C1","3":"C1","4":"C1","5":"C2","6":"C2","7":"C2","8":"C2","9":"C2","10":"C3","11":"C3","12":"C3","13":"C3","14":"C3","15":"C4","16":"C4","17":"C4","18":"C4","19":"C4"},"Exec_FALLOUT":{"0":3,"1":6,"2":5,"3":2,"4":2,"5":15,"6":2,"7":2,"8":2,"9":2,"10":4,"11":3,"12":5,"13":2,"14":2,"15":6,"16":5,"17":4,"18":2,"19":2}}